,company_name,index_weight,sector,sector_name,alpha,beta_sector,beta_market
XLP,Consumper Staples,,,,,,
XLY,Consumer Discretionary,,,,,,
XLE,Energy,,,,,,
XLFS,Financial Services,,,,,,
XLV,Healthcare,,,,,,
XLI,Industrials,,,,,,
XLB,Materials,,,,,,
XLRE,Consumper Staples,,,,,,
XLK,Technology,,,,,,
XLU,Consumper Staples,,,,,,
SPY,S&P500,,,,,,
PG,Procter & Gamble,11.90%,XLP,Consumper Staples,-0.0002020945130309267,1.102568241643191,-0.18045297136529287
KO,Coca-Cola Co,9.31%,XLP,Consumper Staples,-0.0001299036083381123,1.077411413435858,-0.09533316645950027
PM,Philip Morris International,7.61%,XLP,Consumper Staples,-1.0586853379210921e-05,1.0569420309752042,0.010740588560540124
CVS,CVS Health Corporation,6.16%,XLP,Consumper Staples,0.0002406952175422523,0.6699883728821245,0.38840093110563095
MO,Altria Group Inc,5.84%,XLP,Consumper Staples,0.00039953437329208333,1.1050171030657885,-0.13253589595287402
WMT,Wal-Mart Stores,5.56%,XLP,Consumper Staples,-0.00026023841717560443,0.9417321647659234,-0.11134992388354957
PEP,PepsiCo Inc,4.53%,XLP,Consumper Staples,-1.9673118798350415e-05,0.88546730711925,-0.03560729852831074
WBA,Walgreens Boots Alliance Inc,4.24%,XLP,Consumper Staples,7.096862539280787e-05,0.8276014461809587,0.2738827245217997
COST,Costco Wholesale Corp,3.96%,XLP,Consumper Staples,0.00030586268451046904,0.727574830934638,0.1832353667495995
MDLZ,Mondelez International Inc,3.53%,XLP,Consumper Staples,0.0001366049532054476,0.9472287127518504,0.05274010912044555
CL,Colgate-Palmolive Co,3.39%,XLP,Consumper Staples,-0.00014585131182917615,1.047248698425959,-0.013189675130164391
KMB,Kimberly-Clark,2.74%,XLP,Consumper Staples,0.00014763327655619097,1.0309732844019959,-0.15102236240538924
KHC,The Kraft Heinz Company,2.50%,XLP,Consumper Staples,-0.0002625921639940163,0.8146483554486909,0.3615593826147576
RAI,Reynolds American Inc,2.42%,XLP,Consumper Staples,0.00032944760087208724,1.1585703465305728,0.1792327810189741
KR,Kroger Co,2.31%,XLP,Consumper Staples,0.0005498119816316695,0.7378594890190182,0.14062380896078974
STZ,Constellation Brands Inc A,2.19%,XLP,Consumper Staples,0.0008697445691870976,0.5733415838335683,0.6059905658642565
GIS,General Mills Inc,2.00%,XLP,Consumper Staples,-5.089997374265278e-05,0.8651882122566307,0.0929005515121762
MNST,Monster Beverage Corp New,1.41%,XLP,Consumper Staples,0.0008132349084974395,0.6766628143181307,0.35956802833881807
SYY,Sysco Corp,1.29%,XLP,Consumper Staples,-3.063890423858623e-05,0.5670794893327191,0.2388665063759366
EL,Estee Lauder Cos. A,1.23%,XLP,Consumper Staples,0.0003625228644589937,0.2872882570645328,0.8069461093086316
ADM,Archer-Daniels-Midland Co,1.22%,XLP,Consumper Staples,-0.0003934160550988056,0.4858214564899648,0.6867549723849035
K,Kellogg Co,1.18%,XLP,Consumper Staples,-0.00010695936671493566,0.9050779361530987,-0.09651928440311996
DPS,Dr Pepper Snapple Group,1.15%,XLP,Consumper Staples,0.00041461998115863445,0.862555617964041,0.04600925831207732
CAG,ConAgra Foods Inc,1.14%,XLP,Consumper Staples,8.289381949307019e-05,0.786160935264659,0.05491234758669927
TSN,Tyson Foods Inc A,1.13%,XLP,Consumper Staples,0.0004798087869809284,0.6462199131805189,0.38457841756817296
CLX,Clorox Co,1.10%,XLP,Consumper Staples,0.00018458246905060313,0.7827812517170261,-0.0007144515252687847
SJM,Smucker J.M. Co,1.00%,XLP,Consumper Staples,0.00010922956171279522,0.6919101874119571,0.16431659858599068
TAP,Molson Coors Brewing Co B,1.00%,XLP,Consumper Staples,6.110374122753366e-05,0.6846510560393833,0.341268124785507
MJN,Mead Johnson Nutrition Co,0.86%,XLP,Consumper Staples,-2.7761803401883114e-05,0.5189576959683617,0.4216537884891439
HRL,Hormel Foods Corp,0.82%,XLP,Consumper Staples,0.000514199227886378,0.7551567433607874,0.20336785025293455
HSY,Hershey Foods Corp,0.80%,XLP,Consumper Staples,0.000235846054259729,0.880145445004973,-0.060199687489066886
CPB,Campbell Soup Co,0.72%,XLP,Consumper Staples,-6.343750752942956e-05,0.9924639990214336,-0.12035657255972221
CCE,Coca-Cola Enterprises,0.65%,XLP,Consumper Staples,0.0002977990637395421,0.47431374792656933,0.6936887736924866
MKC,McCormick & Co,0.65%,XLP,Consumper Staples,0.00017092557382315907,0.7746116155588327,0.16171865847575628
WFM,Whole Foods Market Inc,0.65%,XLP,Consumper Staples,0.0001994446652376458,0.05847126861067864,0.85660507270858
BF-b,Brown-Forman Corp B,0.62%,XLP,Consumper Staples,0.00016178440353947895,0.9254604729160919,0.21814527911171022
CHD,Church & Dwight Co,0.60%,XLP,Consumper Staples,0.000268352292750472,0.9600270826700588,-0.06260981242937651
GMCR,Keurig Green Mountain Inc,0.59%,XLP,Consumper Staples,0.0004714571862288707,-0.7192419453055057,1.5145893227535006
AMZN,Amazon.com Inc,10.61%,XLY,Consumer Discretionary,0.00014430658724844749,1.94708815491901,-0.8966898499278535
HD,Home Depot Inc,7.20%,XLY,Consumer Discretionary,0.0004691160197572851,1.0131247337083504,-0.13869897669965645
DIS,Walt Disney Co,6.82%,XLY,Consumer Discretionary,0.00018568228135167135,0.7773453317153314,0.2535865379292054
CMCSA,Comcast Corp A,6.25%,XLY,Consumer Discretionary,0.00023443865872262132,0.8124415857283684,0.1714695254438507
MCD,McDonald's Corp,5.03%,XLY,Consumer Discretionary,0.00020214829365690432,0.38694135577927014,0.17737493186508152
SBUX,Starbucks Corp,4.07%,XLY,Consumer Discretionary,0.00036862100541675945,1.32221663797987,-0.31471413715975544
NKE,NIKE Inc B,3.80%,XLY,Consumer Discretionary,0.00018966899408175315,1.5100560764745539,-0.6245331656877153
LOW,Lowe's Cos Inc,2.99%,XLY,Consumer Discretionary,0.0001680651921022795,1.1986381354838138,-0.27618858138850233
TWX,Time Warner Inc,2.62%,XLY,Consumer Discretionary,2.636543829997762e-05,0.6887969918463064,0.314085858593364
PCLN,The Priceline Group Inc,2.58%,XLY,Consumer Discretionary,0.00031731704445457556,1.3342254071379003,-0.19979936002293724
TWC,Time Warner Cable Inc,2.39%,XLY,Consumer Discretionary,0.00048803044929849167,0.8697592249126118,-0.011153416196809166
F,Ford Motor Co,2.19%,XLY,Consumer Discretionary,-0.0005676012056035031,0.9744056495116831,0.2946268107637583
TJX,TJX Cos Inc,2.14%,XLY,Consumer Discretionary,0.000400599377137576,0.9603939693967867,-0.2696913103215701
NFLX,NetFlix Inc,1.99%,XLY,Consumer Discretionary,0.0009415002201081683,1.679846764789366,-0.6038018048781844
TGT,Target Corp,1.99%,XLY,Consumer Discretionary,-0.00012754440187146855,0.8202836093039532,-0.16984666046073243
GM,General Motors Company,1.92%,XLY,Consumer Discretionary,-0.0006439870555064005,0.45097506125184955,0.8093548362360135
FOXA,Twenty-First Century Fox Inc A,1.43%,XLY,Consumer Discretionary,-0.0002500302666677811,1.0532355398796973,0.17154099554494867
YUM,Yum! Brands Inc,1.38%,XLY,Consumer Discretionary,-3.353970390867773e-05,0.8330979562562223,0.05877883608439783
LB,L Brands Inc,1.13%,XLY,Consumer Discretionary,0.0005732788320870275,1.2966286461398764,-0.25843468873580033
ORLY,O'Reilly Automotive,1.09%,XLY,Consumer Discretionary,0.0006999381591787974,1.0264014671391741,-0.3428474377096656
JCI,Johnson Controls Inc,1.07%,XLY,Consumer Discretionary,-0.0004593457969450413,0.5581027426089775,0.7926530028081594
CCL,Carnival Corp,1.06%,XLY,Consumer Discretionary,-0.00027215944534598113,0.7765166105085246,0.3961394349490921
AZO,AutoZone Inc,1.03%,XLY,Consumer Discretionary,0.0006146477306102871,0.7939978091689681,-0.2822838015791431
ROST,Ross Stores Inc,1.01%,XLY,Consumer Discretionary,0.0004765848378047061,1.2186679626266141,-0.4613514332211285
DG,Dollar General Corp,0.97%,XLY,Consumer Discretionary,0.00030111284688920945,0.9425205773797116,-0.41916844235434836
CBS,CBS Corp B,0.94%,XLY,Consumer Discretionary,-7.114368823460762e-05,1.1488349127047504,0.2574699408344995
VFC,VF Corp,0.92%,XLY,Consumer Discretionary,0.00025532754568719884,1.020284321898442,-0.16241385105795553
DLPH,Delphi Automotive PLC,0.84%,XLY,Consumer Discretionary,0.0005958290799131435,0.550475720777284,0.6549897366426212
DLTR,Dollar Tree Inc,0.84%,XLY,Consumer Discretionary,0.0005118233647013675,1.35138686632523,-0.8446832049568305
OMC,Omnicom Group,0.79%,XLY,Consumer Discretionary,-6.112976883619392e-05,0.5099084707188339,0.505267526298083
VIAB,Viacom Inc B,0.69%,XLY,Consumer Discretionary,-0.0003975373071947183,0.6548599168409323,0.4921511188520958
RCL,Royal Caribbean Cruises Ltd,0.68%,XLY,Consumer Discretionary,-4.279538094529645e-05,0.9664107939027077,0.7019089326251926
CMG,Chipotle Mexican Grill Inc.,0.65%,XLY,Consumer Discretionary,0.00041435174874309024,1.3259529094077265,-0.45565721958374317
M,Macy's Inc,0.60%,XLY,Consumer Discretionary,-0.0002808243252798123,1.5141856770767164,-0.4466151974116712
UA,Under Armour Inc A,0.59%,XLY,Consumer Discretionary,0.000605161460313906,1.6068868112048365,-0.24857306738322546
EXPE,Expedia,0.58%,XLY,Consumer Discretionary,1.575841123028132e-05,1.2780679989485209,-0.16377924620555726
GPC,Genuine Parts Co,0.56%,XLY,Consumer Discretionary,0.00012551229810100524,0.3985185415206866,0.5567566133116639
MAR,Marriott Intl A,0.56%,XLY,Consumer Discretionary,-8.830838352224965e-05,0.7225575623010554,0.5539598040725071
TSCO,Tractor Supply Co,0.53%,XLY,Consumer Discretionary,0.0006377359108108611,0.9490749709721811,-0.04642450498404535
HBI,Hanesbrands Inc,0.53%,XLY,Consumer Discretionary,0.00029395620503688065,1.0793823072558788,0.03845404982242738
FOX,Twenty-First Century Fox Inc B,0.53%,XLY,Consumer Discretionary,-0.00029558457355069814,0.9160295999657715,0.25945741632502184
HOT,Starwood Hotel & Resort World,0.49%,XLY,Consumer Discretionary,-0.0003759832215503309,0.9113659604552926,0.5772388277411775
MHK,Mohawk Industries Inc,0.49%,XLY,Consumer Discretionary,5.433587858861614e-05,0.9979653544704787,0.3514468162062444
AAP,Advance Auto Parts Inc,0.49%,XLY,Consumer Discretionary,0.00035106706015086676,0.8839365611312642,-0.1574687457726172
WHR,Whirlpool Corp,0.48%,XLY,Consumer Discretionary,-0.00033639190573711753,0.8342255093982579,0.5058545212409171
NWL,Newell Rubbermaid Inc,0.46%,XLY,Consumer Discretionary,0.00016835520239393516,0.482869682437605,0.6082629448333149
SIG,Signet Jewelers Ltd,0.45%,XLY,Consumer Discretionary,0.00034333935706925433,0.6807073615719679,0.47646366863790407
KMX,Carmax Inc,0.43%,XLY,Consumer Discretionary,-0.0002209732515216213,0.9243725255428675,0.24829224017144025
COH,Coach Inc,0.42%,XLY,Consumer Discretionary,-0.0008312992768535467,1.4174802163235032,-0.2790612906259101
DHI,Horton D.R. Inc,0.42%,XLY,Consumer Discretionary,-6.870130332827048e-05,0.7369493350885945,0.5898710424902659
IPG,Interpublic Group Cos,0.42%,XLY,Consumer Discretionary,2.2478899438762955e-05,0.6414736661108447,0.7745304432246227
KSS,Kohl's Corp,0.42%,XLY,Consumer Discretionary,-0.000606766173176941,1.093259632681645,-0.30632874519258957
MAT,Mattel Inc,0.41%,XLY,Consumer Discretionary,-0.00017074234746746204,0.5847318776218979,0.30872012516829656
BBY,Best Buy Co Inc,0.38%,XLY,Consumer Discretionary,-0.0008055035486913983,1.1509761174475897,-0.17771631302186836
HAS,Hasbro Inc,0.38%,XLY,Consumer Discretionary,0.0001062330957134373,0.5313445270231735,0.29233739097277556
TRIP,TripAdvisor Inc. A,0.37%,XLY,Consumer Discretionary,0.00022180724928474126,1.1656283337484041,0.08009606608336983
HOG,Harley-Davidson Inc,0.36%,XLY,Consumer Discretionary,-0.0003962659787781547,0.9451223251608933,0.39165194435203105
HRB,Block H & R Inc,0.36%,XLY,Consumer Discretionary,-0.00014287828787542265,0.4539227551315838,0.5032142082951585
WYN,Wyndham Worldwide Corp,0.36%,XLY,Consumer Discretionary,7.492668029033053e-05,0.9373116759699447,0.39731668423013183
GT,Goodyear Tire & Rubber Co,0.35%,XLY,Consumer Discretionary,-0.0003590204809524787,0.3853992645377125,1.2592382497381651
LEN,Lennar Corp A,0.35%,XLY,Consumer Discretionary,-3.862513463766616e-05,1.023572513073513,0.44104937787995546
BBBY,Bed Bath & Beyond Inc,0.34%,XLY,Consumer Discretionary,-0.0005495001333521891,1.1641533017212795,-0.23085995749324104
DRI,Darden Restaurants Inc,0.33%,XLY,Consumer Discretionary,-3.596526498323842e-05,0.866110386463015,-0.03852201688152483
KORS,Michael Kors Holdings Ltd,0.33%,XLY,Consumer Discretionary,-0.00040067159302275987,1.7038552976471322,-0.7056230570575304
CVC,Cablevision Systems Co A,0.32%,XLY,Consumer Discretionary,-3.16784306264112e-05,0.666460963105819,0.3315563138627372
TIF,Tiffany & Co,0.32%,XLY,Consumer Discretionary,-0.00039438889891266156,1.2357372419034376,-0.05773293786886755
DISCK,Discovery Communications Inc C,0.32%,XLY,Consumer Discretionary,-0.00032338638162653934,1.0537110254542839,-0.02925267468048665
BWA,Borgwarner Inc,0.30%,XLY,Consumer Discretionary,-0.00020572062624865184,0.5122808376490127,0.9818890073691956
JWN,Nordstrom Inc,0.30%,XLY,Consumer Discretionary,-0.0005352090562552875,1.5442425898905863,-0.4567379286979879
RL,Ralph Lauren Corp A,0.29%,XLY,Consumer Discretionary,-0.000551967921533765,1.198151861475852,-0.12079204366003563
PVH,PVH Corp,0.27%,XLY,Consumer Discretionary,-0.0005519635919508636,1.5722389416295832,-0.3520812181274193
SPLS,Staples Inc,0.27%,XLY,Consumer Discretionary,-0.0011425337004439947,0.7432657947404451,0.2544715465976494
HAR,Harman Intl Industries Inc,0.26%,XLY,Consumer Discretionary,-0.00027899649998803757,0.7502813037376435,0.8779634350868758
SNI,Scripps Networks Interactive A,0.26%,XLY,Consumer Discretionary,-0.00042166229510975434,0.6660329508773066,0.3325989471617607
GPS,Gap Inc,0.25%,XLY,Consumer Discretionary,-0.0005116416473642305,1.1867838866727018,-0.24656516550975455
LEG,Leggett & Platt,0.25%,XLY,Consumer Discretionary,1.25489183114349e-05,0.4608421089095652,0.6733414400543205
PHM,Pulte Group Inc,0.24%,XLY,Consumer Discretionary,-0.0005858022606002071,0.8817767486092962,0.7684361320940408
TGNA,TEGNA Inc,0.24%,XLY,Consumer Discretionary,-0.0004602762576073007,0.7769310449022466,0.7134698165580853
NWSA,News Corp A,0.22%,XLY,Consumer Discretionary,-0.0007740742729256516,0.46140900323908035,0.6205730675012304
WYNN,Wynn Resorts Ltd,0.22%,XLY,Consumer Discretionary,-0.0006435849101245671,0.7531799002556919,0.7469521557703079
DISCA,Discovery Communications Inc A,0.19%,XLY,Consumer Discretionary,-0.00043470718419088346,1.1170028492384332,-0.03631928625429435
GRMN,Garmin Ltd,0.18%,XLY,Consumer Discretionary,-0.00023641819281303335,0.36822087748858745,0.5133899544019905
AN,AutoNation Inc,0.16%,XLY,Consumer Discretionary,1.3477534561605884e-05,1.0407157781943384,0.01400995289904692
GME,GameStop Corp A,0.13%,XLY,Consumer Discretionary,-0.0004096788788175971,0.9667452150781499,-0.10941124591750305
URBN,Urban Outfitters,0.09%,XLY,Consumer Discretionary,-0.0010113806128030172,1.3299077705983888,-0.4349696179502086
NWS,News Corp B,0.07%,XLY,Consumer Discretionary,-0.0006733802214806975,0.4674241067607212,0.5150254771293511
XOM,Exxon Mobil Corp,19.49%,XLE,Energy,3.554838633887001e-05,0.6060177832059859,0.20260349576204675
CVX,Chevron Corp,14.55%,XLE,Energy,0.00012553046988694646,0.807140106283484,0.04949028039632221
SLB,Schlumberger Ltd,7.78%,XLE,Energy,-6.6369464864736695e-06,1.1093371953314026,-0.01189952761941819
VLO,Valero Energy Corp,4.13%,XLE,Energy,0.0006861949075949947,0.6651814598068138,0.607734069636304
EOG,EOG Resources,4.01%,XLE,Energy,0.0002742156743583345,1.381569200088328,-0.2954605898081717
OXY,Occidental Petroleum,3.85%,XLE,Energy,-9.462927102292699e-05,1.0163461669353924,0.0123987776790013
PXD,Pioneer Natural Resources,3.76%,XLE,Energy,0.0006028087020380037,1.5426964973901827,-0.30574541228481095
PSX,Phillips 66,3.44%,XLE,Energy,0.0007615147061361547,0.7285839207080298,0.41772291448114335
COP,ConocoPhillips,3.12%,XLE,Energy,0.00021492479171315328,0.9224854073678834,-0.06902323367197029
TSO,Tesoro Corp,3.11%,XLE,Energy,0.0010248296164753526,0.6957718093652216,0.5421317679486748
HAL,Halliburton Co,2.80%,XLE,Energy,8.279344022917452e-05,1.4694627597049128,-0.25645505326462326
KMI,Kinder Morgan Inc,2.54%,XLE,Energy,-0.00038169916328397347,0.6014668905076288,0.05596194353121996
SE,Spectra Energy Corp,2.24%,XLE,Energy,9.752266722591091e-05,0.6138030059804884,0.22398067726913484
BHI,Baker Hughes Inc,2.20%,XLE,Energy,2.4270401020694472e-05,1.2767627710629872,-0.12228447028327154
MPC,Marathon Petroleum Corp.,2.07%,XLE,Energy,0.0008197948773873343,0.6890584257651642,0.41434628705687815
APC,Anadarko Petroleum Corp,1.90%,XLE,Energy,-0.00019848905409002347,1.429459174677204,-0.2312149166921148
WMB,The Williams Companies Inc,1.72%,XLE,Energy,0.00021925714284525542,0.9364237022774126,0.19778276743634937
CAM,Cameron International Corp,1.68%,XLE,Energy,0.00011097156064915039,1.22782876208908,0.039140101829801065
COG,Cabot Oil & Gas A,1.59%,XLE,Energy,0.00023990660085602684,1.269744104216231,-0.13279694743693482
APA,Apache Corp,1.56%,XLE,Energy,-0.0005167441844798407,1.364547139961538,-0.32432445573937596
NBL,Noble Energy Inc,1.53%,XLE,Energy,-0.00011996979880278038,1.2063528204877474,-0.07189179691863269
NOV,National Oilwell Varco Inc,1.35%,XLE,Energy,-0.00012920108617540745,1.265542201227705,-0.1593827807443133
DVN,Devon Energy Corp,1.04%,XLE,Energy,-0.00046393258587613744,1.3798387560170409,-0.3972488802916306
HES,Hess Corp,1.04%,XLE,Energy,-0.0001783344161175951,1.3283235256725536,-0.17680566991847826
FTI,FMC Technologies Inc,0.90%,XLE,Energy,-8.904097770378661e-05,1.242710297777593,-0.10405210223872513
EQT,EQT Corporation,0.80%,XLE,Energy,7.965064804488788e-05,1.0266926930469373,-0.08106241722620497
XEC,Cimarex Energy Co,0.72%,XLE,Energy,0.00035048470306220614,1.4188745724825216,-0.28909505253542944
MRO,Marathon Oil Corp,0.65%,XLE,Energy,-6.96946286984835e-05,1.5492334403668404,-0.5349159935227841
RRC,Range Resources Corp,0.64%,XLE,Energy,-0.00032425075480003356,1.578564841769932,-0.6828993024976804
CPGX,Columbia Pipeline Group,0.63%,XLE,Energy,-0.001967466993840914,0.7967199149219468,-0.019524880313217446
OKE,ONEOK Inc,0.48%,XLE,Energy,0.00012921186246680488,0.7888969338385963,0.19670185914343546
HP,Helmerich & Payne Inc,0.46%,XLE,Energy,0.00025675800307734854,1.6453297487656438,-0.45432865657181287
SWN,Southwestern Energy Co,0.39%,XLE,Energy,-0.0011709655592876686,1.448104272119174,-0.5879423054963788
NFX,Newfield Exploration Co,0.38%,XLE,Energy,-0.00025499249921885067,1.6287298134371286,-0.3966630732129394
MUR,Murphy Oil Corp,0.35%,XLE,Energy,-0.00042793276680990177,1.2260931717960386,-0.171564011531637
RIG,Transocean Ltd,0.30%,XLE,Energy,-0.0010120762850723028,1.5424650261842343,-0.6560444555489467
CHK,Chesapeake Energy Corp,0.22%,XLE,Energy,-0.0009125153582282942,1.8329488825805402,-0.8498467291623861
CNX,CONSOL Energy Inc,0.20%,XLE,Energy,-0.00119198550467096,1.606258185157536,-0.4158200875942058
ESV,Ensco PLC - CL A,0.20%,XLE,Energy,-0.0004063969357723983,1.48951774443193,-0.5708354166170535
DO,Diamond Offshore Drilling,0.16%,XLE,Energy,-0.0007253096961506807,1.2800276236248542,-0.4837513244997006
BRK-b,Berkshire Hathaway B,10.99%,XLFS,Financial Services,-0.0006010459405139915,0.35495440602763256,0.7723625872627917
WFC,Wells Fargo & Co,10.52%,XLFS,Financial Services,0.00029472389005600534,0.8163446937530414,0.1594348353429915
JPM,JP Morgan Chase & Co,9.68%,XLFS,Financial Services,0.0004815818094439496,0.8465725706931462,0.36735846074194695
BAC,Bank of America Corp,6.52%,XLFS,Financial Services,0.0006309617214961689,1.1748774576893386,0.13910495773142384
C,Citigroup Inc,5.65%,XLFS,Financial Services,-0.0005513868987161582,0.9409060599714277,0.3422326087051629
AIG,American Intl Group Inc,3.25%,XLFS,Financial Services,0.0006523444841539322,0.77734328449931,0.1486761023453398
USB,US Bancorp,2.99%,XLFS,Financial Services,-2.2150977403376113e-05,0.8391942593874173,0.18796067830469304
GS,Goldman Sachs Group Inc,2.75%,XLFS,Financial Services,-0.0005668981370519521,1.0476329102876163,0.2466631567274848
CB,Chubb Limited,2.34%,XLFS,Financial Services,0.0012826362811801822,0.2599382428477702,0.5817967845915412
MET,Metlife Inc,2.27%,XLFS,Financial Services,-0.000609062487390486,1.0093085914686992,0.14627615066524519
AXP,American Express Co,2.13%,XLFS,Financial Services,-0.0021425192648463725,0.24794179108822742,0.3973610636085448
PNC,PNC Finl Services Group,2.01%,XLFS,Financial Services,0.0005031186787095121,0.9806909665383696,0.09472833236289811
MS,Morgan Stanley,1.79%,XLFS,Financial Services,-0.001280059976103323,1.5236792054702093,-0.23475054584303967
BK,The Bank of New York Mellon Corp,1.78%,XLFS,Financial Services,-0.00032674332392014385,1.2259139585156362,-0.0983505153096456
BLK,BlackRock Inc,1.75%,XLFS,Financial Services,0.0007548713270450646,0.48828103576771503,0.748906781926239
COF,Capital One Financial,1.51%,XLFS,Financial Services,-0.0010523085295569,0.5539104036881405,0.7824174000240204
PRU,Prudential Financial Inc,1.45%,XLFS,Financial Services,0.0001393106172216491,1.0918566349073349,0.1809295564082415
TRV,Travelers Cos Inc,1.45%,XLFS,Financial Services,0.0013290076970671858,0.3186685031612418,0.5624902249517021
SCHW,Schwab Charles Corp,1.43%,XLFS,Financial Services,0.0018705471178739799,1.4420063186310872,-0.06700861164141078
ICE,Intercontinental Exchange Inc,1.39%,XLFS,Financial Services,0.001571330558077612,0.4129714817816423,0.6415578632597158
CME,CME Group Inc A,1.33%,XLFS,Financial Services,0.0005873728528122159,0.6767159066709051,0.243554032179011
MMC,Marsh & McLennan Companies,1.27%,XLFS,Financial Services,0.00021420300271104525,0.3931970002821498,0.5868589136306456
BBT,BB&T Corp,1.15%,XLFS,Financial Services,0.0001222257010645687,0.9107576254900178,0.11239579551404888
AFL,AFLAC Inc,1.13%,XLFS,Financial Services,-0.0006129057607357546,0.46197996075850356,0.5894279432295567
SYF,Synchrony Financial,1.12%,XLFS,Financial Services,-0.0015873243197574941,0.8231723624013176,-0.08900065635598417
AON,Aon plc,1.10%,XLFS,Financial Services,-0.0001994905711324358,0.4962915106402326,0.38211322030862793
MHFI,McGraw Hill Financial Inc,1.07%,XLFS,Financial Services,0.0013673752993980108,0.02054466170317957,1.0123058824729922
ALL,Allstate Corp,1.05%,XLFS,Financial Services,6.716246949887801e-05,0.764671358745157,0.04895479801141471
STT,State Street Corp,1.04%,XLFS,Financial Services,-0.0012664376001526713,1.1640684760463043,0.026077446540303723
DFS,Discover Financial Services,0.97%,XLFS,Financial Services,-0.0011322721979424913,0.6427945834975842,0.41759407982401103
STI,SunTrust Banks Inc (GA),0.83%,XLFS,Financial Services,0.0008674117911537832,0.9092834134821327,0.37709925549018397
PGR,Progressive Corp,0.81%,XLFS,Financial Services,-0.00046524097099783467,-0.06442474917529911,1.0841415877474594
TROW,T Rowe Price Group Inc,0.79%,XLFS,Financial Services,-0.00036975299639857193,0.46717900339919494,0.6401780035325876
MTB,M&T Bank Corp,0.78%,XLFS,Financial Services,-0.0003089342077837384,1.0607272528307294,-0.044615172092138
AMP,Ameriprise Financial Inc,0.75%,XLFS,Financial Services,-0.0012134929995842045,0.4917014713982298,0.7892023730210003
HIG,Hartford Finl Services Group,0.74%,XLFS,Financial Services,-0.0018573448820861315,0.9382899149323536,0.08866006280184993
MCO,Moody's Corp,0.71%,XLFS,Financial Services,-0.00020916745419542878,0.6738065349265815,0.3341460090654128
WLTW,Willis Towers Watson PLC,0.71%,XLFS,Financial Services,,,
NTRS,Northern Trust Corp (IL),0.61%,XLFS,Financial Services,0.00025656589971267973,1.1011631764146015,0.1466191713844374
BEN,Franklin Resources Inc,0.60%,XLFS,Financial Services,-0.0013408545624330936,0.21525856323033807,1.0826020860409433
FITB,Fifth Third Bancorp (OH),0.59%,XLFS,Financial Services,0.0003831945560277282,1.1460652219952028,0.10615276931487752
IVZ,Invesco Ltd,0.58%,XLFS,Financial Services,-0.00021129979572688903,0.6584446606325939,0.8252910839554772
XL,XL Group Plc,0.49%,XLFS,Financial Services,0.0007373690875349225,0.3092681261830849,0.5320700908769935
PFG,Principal Financial Group,0.48%,XLFS,Financial Services,-0.002294483372207133,0.8075171718204731,0.8014623643753092
RF,Regions Financial Corp,0.48%,XLFS,Financial Services,0.00014312959116203187,1.715876299721598,-0.4258774328087484
LNC,Lincoln National Corp,0.46%,XLFS,Financial Services,-0.0004225690266156156,1.0067914375002018,0.2386332335515488
L,Loews Corp,0.45%,XLFS,Financial Services,0.0005481446207376396,0.6364231173633147,0.24265697943598605
KEY,KeyCorp,0.44%,XLFS,Financial Services,-0.0005975619890271843,1.5016809321586932,-0.17848075410664735
CINF,Cincinnati Financial Corp,0.38%,XLFS,Financial Services,0.0007579847327220709,0.5207367257191423,0.3150081824390672
AMG,Affiliated Managers Grp,0.34%,XLFS,Financial Services,-0.0027593273685848664,1.220309435044538,0.6147003431744408
HBAN,Huntington Bancshares (OH),0.34%,XLFS,Financial Services,-0.00019505334828578424,1.228283961426002,-0.07069004756156168
ETFC,E*TRADE Financial Corp,0.33%,XLFS,Financial Services,0.0013810372092709403,1.3850337529809527,-0.1250819251888267
UNM,Unum Group,0.32%,XLFS,Financial Services,-0.0003577730844689646,1.0667366314228517,-0.10588996424204808
NDAQ,Nasdaq Inc,0.31%,XLFS,Financial Services,0.001305241695568905,0.02030088284183694,1.1208837951638666
CMA,Comerica Inc (MI),0.28%,XLFS,Financial Services,-0.0011599852941713354,1.3692745614079527,-0.060192564165708874
TMK,Torchmark Corp,0.28%,XLFS,Financial Services,-0.0007019884525360169,0.6178942504799471,0.2896277680312377
LUK,Leucadia National Corp (NY),0.26%,XLFS,Financial Services,-0.003660495239812853,0.5525988140705002,0.045504695505156165
AIZ,Assurant Inc,0.24%,XLFS,Financial Services,-0.00031872054359658483,0.34127892291606793,0.6353379073771693
ZION,Zions Bancorp (UT),0.21%,XLFS,Financial Services,-0.001440854270717461,1.595336259013947,-0.45742704803355655
PBCT,People's United Financial Inc,0.20%,XLFS,Financial Services,8.981395281351906e-05,0.6719973699136843,0.24705310932259958
LM,Legg Mason Inc,0.16%,XLFS,Financial Services,-0.0024705784157988573,0.5336341067640941,0.850955238411237
NAVI,Navient Corp,0.15%,XLFS,Financial Services,-0.0011669227906485088,0.9513606984628125,0.1363120211865776
JNJ,Johnson & Johnson,10.43%,XLV,Healthcare,1.284755869011607e-05,0.6190710069654566,0.09456264238974153
PFE,Pfizer Inc,7.38%,XLV,Healthcare,-7.05699566047769e-05,0.932749979521234,-0.00036505861953172597
MRK,Merck & Co Inc,5.59%,XLV,Healthcare,-0.00019328481577392202,0.9763367963840128,-0.0625874993935541
GILD,Gilead Sciences Inc,5.16%,XLV,Healthcare,0.00016342282466548887,1.8192422862601152,-0.5659477110448732
AGN,Allergan plc,4.83%,XLV,Healthcare,0.0007179093349616848,1.1938279645022334,-0.20532248853535834
AMGN,Amgen Inc,4.59%,XLV,Healthcare,1.4516589892780247e-05,1.466409200401121,-0.3810476576099461
UNH,Unitedhealth Group Inc,4.28%,XLV,Healthcare,0.0002954413914123188,0.9462761801684436,0.10239458577133857
BMY,Bristol-Myers Squibb,4.21%,XLV,Healthcare,0.00021836496021363628,1.186401508569621,-0.31988044150258477
MDT,Medtronic plc,4.18%,XLV,Healthcare,-0.00016303122394497054,0.7652854678793541,0.2842766228596902
ABBV,AbbVie Inc.,3.75%,XLV,Healthcare,-0.00010739789482675795,1.2477823377861994,-0.13454435013844482
CELG,Celgene Corp,3.33%,XLV,Healthcare,0.00015207674833237416,1.4342142745333175,-0.1504560799122282
LLY,Lilly Eli & Co,3.14%,XLV,Healthcare,0.00021845473204318107,0.9412982258991938,-0.1270033667515827
BIIB,Biogen Inc,2.39%,XLV,Healthcare,0.0003100445067565173,1.7011244239595582,-0.4494223971863032
TMO,Thermo Fisher Scientific,2.10%,XLV,Healthcare,0.00012305504175695836,0.48927176850276,0.6674296793406047
ESRX,Express Scripts Holding Co.,2.00%,XLV,Healthcare,-7.487309179209621e-05,0.7407908829784821,0.16438420288807573
ABT,Abbott Laboratories,1.97%,XLV,Healthcare,1.4789898340609987e-05,0.8539445509474515,-0.15973442051073256
MCK,McKesson Corp,1.57%,XLV,Healthcare,0.00025208419147638593,0.6816250306062108,0.2240635028249372
AET,Aetna Inc,1.50%,XLV,Healthcare,0.00015584912107019004,0.9868546887015319,0.14791490246173616
ANTM,Anthem Inc,1.48%,XLV,Healthcare,-1.029836219847787e-05,0.869981173303702,0.1718764441535175
REGN,Regeneron Pharmaceuticals Inc,1.46%,XLV,Healthcare,0.0011516774094591157,1.4254909682479873,-0.0016449601932256516
CI,Cigna Corporation,1.43%,XLV,Healthcare,0.00028375411972032967,0.7635700808640551,0.33286619361960873
ALXN,Alexion Pharmaceuticals Inc,1.40%,XLV,Healthcare,0.0005393046691351353,1.3967236745636846,-0.060269553825587734
BDX,Becton Dickinson & Co,1.22%,XLV,Healthcare,6.051955010521366e-05,0.5747531326065006,0.24601664146476268
SYK,Stryker Corp,1.17%,XLV,Healthcare,-0.00012829268807158429,0.5273382692548826,0.5024448649737019
CAH,Cardinal Health Inc,1.06%,XLV,Healthcare,0.00018996187471275586,0.7288004916298191,0.24259899058668102
HUM,Humana Inc,1.03%,XLV,Healthcare,0.0003409389030971569,0.9452868716401379,0.01687506192068603
ILMN,Illumina Inc,1.01%,XLV,Healthcare,0.0005107461296450208,0.923320575811007,0.2934446583085356
BSX,Boston Scientific Corp,0.94%,XLV,Healthcare,-0.00020617720978843824,0.7854549963536326,0.40526040745274783
VRTX,Vertex Pharmaceuticals Inc,0.91%,XLV,Healthcare,-0.00016261624864062808,1.6195290947871044,-0.2782065469342777
BXLT,Baxalta Inc,0.88%,XLV,Healthcare,0.0014362522620000977,1.0086478354610182,-0.22750135416429523
MYL,Mylan NV,0.85%,XLV,Healthcare,5.5275806759770454e-06,0.9294146225998239,0.26957507517710594
PRGO,Perrigo Company plc,0.85%,XLV,Healthcare,0.00028612850217271343,0.8486500382660676,0.15314446153092082
ISRG,Intuitive Surgical Inc,0.82%,XLV,Healthcare,-0.00016197630869541052,0.42047986536266146,0.6005987717098287
HCA,HCA Holdings Inc,0.80%,XLV,Healthcare,0.00016200911208224194,0.6906515063612326,0.3593660732174175
BAX,Baxter Intl Inc,0.78%,XLV,Healthcare,-0.0002181439211383966,0.4831562818235038,0.3138574575220762
ZTS,Zoetis Inc,0.77%,XLV,Healthcare,-1.184053188325625e-05,0.7148691741774318,0.16405088110182378
ABC,AmerisourceBergen Corp,0.72%,XLV,Healthcare,0.000490240261405891,0.617432019472686,0.18013785158647194
CERN,Cerner Corp,0.68%,XLV,Healthcare,6.634321854731882e-05,0.5228344522756629,0.5677440857712257
ZBH,Zimmer Biomet Holdings Inc,0.67%,XLV,Healthcare,-0.00020913548945894768,0.6163104190154078,0.3956070529060484
EW,Edwards Lifesciences Corp,0.66%,XLV,Healthcare,0.00026631555479716897,0.8755128770748102,0.07554563106706821
STJ,St Jude Medical Inc,0.62%,XLV,Healthcare,-0.00020264291071729889,0.6464799848171152,0.4145652914597189
BCR,Bard C.R. Inc,0.56%,XLV,Healthcare,0.00012676341039237856,0.5776971712244021,0.254092209013119
A,Agilent Technologies Inc,0.49%,XLV,Healthcare,-0.0002664588563004955,0.13008269690732507,1.3485875645254939
ENDP,Endo International plc,0.47%,XLV,Healthcare,3.726903029312908e-05,1.0021683218993713,0.11114299883446146
HSIC,Schein Henry Inc,0.47%,XLV,Healthcare,0.00020110896101683485,0.42859852393247366,0.541504232250196
LH,Lab Corp of America Hldgs,0.45%,XLV,Healthcare,-0.00013707339782955888,0.5784774028082518,0.22308209241004684
DVA,DaVita HealthCare Partners Inc,0.43%,XLV,Healthcare,9.848604339496403e-05,0.5748899178425458,0.23318443491484223
WAT,Waters Corp,0.40%,XLV,Healthcare,-9.188169380766484e-05,0.40440129860388685,0.7836297440971471
DGX,Quest Diagnostics,0.38%,XLV,Healthcare,-0.00030654811953396326,0.6038550569594845,0.2249075547762155
UHS,Universal Health Services B,0.38%,XLV,Healthcare,0.00028472145484647617,0.6930423728663915,0.4198783683636473
XRAY,Dentsply Intl,0.31%,XLV,Healthcare,-0.0001477110933570431,0.228727219948057,0.8465102967476126
VAR,Varian Medical Systems Inc,0.29%,XLV,Healthcare,-0.00021522300416066184,0.4272599558866823,0.6334646353061765
MNK,Mallinckrodt plc,0.29%,XLV,Healthcare,1.1494569719282244e-05,1.2315051510813109,-0.01059564823400963
PKI,PerkinElmer Inc,0.21%,XLV,Healthcare,6.479452094102422e-05,0.3276341840919028,0.8384128062906564
PDCO,Patterson Cos Inc,0.13%,XLV,Healthcare,-0.00014008749116252304,0.35750469783287986,0.6004020391912015
THC,Tenet Healthcare,0.10%,XLV,Healthcare,-0.000635379314614602,0.6399349121456641,0.8357297324557231
GE,General Electric Co,11.66%,XLI,Industrials,0.00010441019021349452,0.9371293122332974,0.055121773538921635
MMM,3M Co,5.21%,XLI,Industrials,7.019984643226022e-05,0.7345174327119384,0.1388753626054638
BA,Boeing Co,4.84%,XLI,Industrials,0.00021621061050402054,1.0442855382634753,-0.07263861819590699
HON,Honeywell Intl Inc,4.70%,XLI,Industrials,0.0001869428424180539,1.0662336938629968,0.006461847641343783
UTX,United Technologies Corp,4.37%,XLI,Industrials,-0.00015079372729479717,0.9798915616973222,-0.07722543777103319
UNP,Union Pacific Corp,3.85%,XLI,Industrials,0.00015546678447197863,0.9157975509483164,0.0862612321214307
UPS,United Parcel Service Inc B,3.77%,XLI,Industrials,6.94452529795607e-05,0.7486729456749633,0.014811109651933246
LMT,Lockheed Martin,3.51%,XLI,Industrials,0.0005118901191071365,0.5817083493991653,0.0733205447253688
DHR,Danaher Corp,3.38%,XLI,Industrials,8.358578752847522e-05,0.9015013235918259,0.17850658421899038
GD,General Dynamics,2.42%,XLI,Industrials,0.00010592585653732952,0.8379189151935063,0.07247964009102088
RTN,Raytheon Co,2.31%,XLI,Industrials,0.00032734463141556716,0.6773024881412344,0.08828929478644942
CAT,Caterpillar Inc,2.24%,XLI,Industrials,-0.0003745403179576583,1.4566362710404244,-0.32653308454488805
DAL,Delta Air Lines,2.17%,XLI,Industrials,0.0003978865002299433,0.6889403348032557,0.48344370215858523
NOC,Northrop Grumman Corp,2.14%,XLI,Industrials,0.0005458049858012143,0.665766571682322,0.20812984071413632
FDX,FedEx Corp,2.12%,XLI,Industrials,-0.00010205337494101046,1.0796817758398805,-0.07156209439797975
PCP,Precision Castparts Corp,1.88%,XLI,Industrials,4.502469637738995e-05,1.2135188963609365,-0.37121938815182387
EMR,Emerson Electric Co,1.77%,XLI,Industrials,-0.00033293970794308196,1.1889823952169416,-0.1585335560455724
ITW,Illinois Tool Works Inc,1.69%,XLI,Industrials,2.6235423202793036e-05,0.9972863145804991,0.017450417974822125
LUV,Southwest Airlines Co,1.64%,XLI,Industrials,0.0004133721813701941,0.5795964884568325,0.3847206770654559
ETN,Eaton Corp plc,1.62%,XLI,Industrials,-0.00020449327650387818,1.5436630734618209,-0.2539540775940867
CSX,CSX Corporation,1.56%,XLI,Industrials,-0.0001373449815031515,1.2556442910247492,-0.2241674979713244
CMI,Cummins Inc,1.54%,XLI,Industrials,-0.00017525885837700334,1.8328062946287424,-0.5508093911410523
DE,Deere & Co,1.53%,XLI,Industrials,-0.00018963957476251055,0.9986071536769541,-0.010727234275201239
AAL,American Airlines Group Inc.,1.50%,XLI,Industrials,0.0007562944689047962,0.9264184371139417,0.3658614694985415
NSC,Norfolk Southern Corp,1.42%,XLI,Industrials,-7.19555201400698e-05,1.2120378445317557,-0.25342891561532926
WM,Waste Management Inc,1.42%,XLI,Industrials,0.00010168205503568623,0.3999083868564866,0.3080476271859379
PCAR,PACCAR Inc,1.13%,XLI,Industrials,-0.00032105227590927595,1.1493294367055045,0.05297816737565501
UAL,United Continental Holding Inc,1.03%,XLI,Industrials,0.0003849487298245775,0.8228047583427076,0.3134809907546945
EFX,Equifax Inc,1.00%,XLI,Industrials,0.0004441539304530333,0.2579938791864501,0.6854844472293526
ROP,"Roper Technologies, Inc",1.00%,XLI,Industrials,0.000388744484803813,0.7365389465020813,0.2784019460656161
NLSN,Nielsen Holdings plc,0.97%,XLI,Industrials,0.00019372430388906272,0.13971622776636924,0.664442061878718
ROK,Rockwell Automation Inc,0.92%,XLI,Industrials,-1.8412706310495753e-05,1.4184216568762003,-0.1750267268612054
PH,Parker-Hannifin Corp,0.91%,XLI,Industrials,-0.0001397721619821458,1.47572804897875,-0.2811380273141933
COL,Rockwell Collins,0.85%,XLI,Industrials,-4.4453995979698254e-05,0.8923514862306329,-0.004141308321724248
GWW,Grainger W.W. Inc,0.84%,XLI,Industrials,0.0001162704830322331,0.8029017758816412,0.08681726816815649
SWK,Stanley Black & Decker,0.83%,XLI,Industrials,-2.007664539275492e-06,0.9620506618864795,0.16869935521536525
IR,Ingersoll-Rand Plc,0.78%,XLI,Industrials,-7.475553800391076e-05,1.1100299133382854,0.03596667003195016
TXT,Textron Inc,0.76%,XLI,Industrials,-0.00014705089406754344,1.520595766308075,-0.11924739285537617
TYC,Tyco Intl,0.76%,XLI,Industrials,1.125420355501251e-05,0.47381102908283157,0.45718521680985347
AME,AMETEK Inc,0.66%,XLI,Industrials,0.0002541283868348554,1.108811742714952,-0.04321752943051584
VRSK,Verisk Analytics Inc,0.66%,XLI,Industrials,0.0003494640649677173,0.1391384174834119,0.43684866011487633
FAST,Fastenal Co,0.65%,XLI,Industrials,-4.199094770220512e-06,0.7026222386255692,0.3756803491218736
RSG,Republic Services Inc,0.61%,XLI,Industrials,3.974505676994925e-05,0.3708302869570303,0.3731291146806911
DOV,Dover Corp,0.59%,XLI,Industrials,-0.00012125139706912875,1.1529860588660024,0.013654592538824922
SRCL,Stericycle Inc,0.59%,XLI,Industrials,0.00016431325474495205,0.35608423715957094,0.3932036700377806
MAS,Masco Corp,0.57%,XLI,Industrials,-0.00010940381213341992,0.8254772960184114,0.6680245112787282
CHRW,CH Robinson Worldwide Inc,0.55%,XLI,Industrials,-0.00025527952401452954,0.8960311549993373,-0.12350504249840294
SNA,Snap On Inc,0.53%,XLI,Industrials,0.00046029231457101014,0.8185546122591423,0.28282460801076015
FLR,Fluor Corp,0.52%,XLI,Industrials,-0.0006139844493075282,1.0930915252459799,0.2907204756561716
LLL,L-3 Communications Holdings,0.52%,XLI,Industrials,-0.00012000332097067621,0.623712127027825,0.2401309698302574
CTAS,Cintas Corp,0.51%,XLI,Industrials,0.0004570896729211068,0.4209396251797041,0.5058600952544114
EXPD,Expeditors Intl of WA Inc,0.48%,XLI,Industrials,-0.00025973073426400193,0.9770758855360911,-0.0201165307380666
RHI,Robert Half Intl Inc,0.48%,XLI,Industrials,-0.00015855075430201815,0.6495953751959951,0.5733410537672622
PNR,Pentair PLC,0.47%,XLI,Industrials,-0.0002033276961975458,1.0023924430873123,0.1296319594934443
KSU,Kansas City Southern Inc,0.43%,XLI,Industrials,-7.842393776732597e-05,1.4210374557942984,-0.17082421524574454
XYL,Xylem Inc,0.36%,XLI,Industrials,-0.00011525006288034516,0.797142890264334,0.1423433314438968
JBHT,Hunt J.B. Transport Services,0.36%,XLI,Industrials,0.00015592978360672017,0.8908072520027858,-0.056744231978506705
ALLE,Allegion plc,0.34%,XLI,Industrials,0.0004469679140467919,0.39850606783264975,0.5443516062504794
URI,United Rentals Inc,0.32%,XLI,Industrials,0.00042827762285088634,1.66008254875519,0.14788303946701983
ADT,The ADT Corp.,0.29%,XLI,Industrials,-0.0006092312579121274,1.0128916456365622,-0.07887299152059445
FLS,Flowserve Corp,0.29%,XLI,Industrials,-0.0004462909461393033,1.6128148190800697,-0.29513776200824543
R,Ryder System Inc,0.29%,XLI,Industrials,-0.00030458042634950734,1.224346900815708,0.013700388190497119
JEC,Jacobs Engineering Group Inc,0.27%,XLI,Industrials,-0.0005493134083262297,1.002574118695554,0.218677082754676
PBI,Pitney Bowes Inc,0.25%,XLI,Industrials,-0.00029496060315596325,0.412728611549894,0.6099798886514727
DNB,Dun & Bradstreet Corp,0.21%,XLI,Industrials,-0.00018736723991179624,0.32834110116795545,0.5189653280751392
PWR,Quanta Services Inc,0.17%,XLI,Industrials,-0.0005664419643726696,1.0026795924196559,0.07690763040774018
DOW,Dow Chemical,11.09%,XLB,Materials,0.00017363795950805627,1.3417907268178126,-0.08877825118619145
DD,E. I. du Pont de Nemours and Company,10.94%,XLB,Materials,0.00037393520010499566,0.8837727354488392,0.024681485055463526
MON,Monsanto Co.,9.22%,XLB,Materials,-1.5816972559140358e-05,0.8877050144873788,-0.1008695122757813
LYB,LyondellBasell Industries N.V.,6.44%,XLB,Materials,0.0008126624662835741,1.1207538760816307,0.13380414914118965
ECL,Ecolab Inc,6.37%,XLB,Materials,0.00037570149185367746,0.3658536494326635,0.43736729690245973
PX,Praxair Inc,4.97%,XLB,Materials,-9.690192587780816e-07,0.5303970202746353,0.24337529170529634
PPG,PPG Industries Inc,4.90%,XLB,Materials,0.0005084757051627515,0.6823110799935721,0.38862140064882233
APD,Air Products & Chemicals Inc,4.72%,XLB,Materials,9.897244499943296e-05,0.5551017912176208,0.3561201588899674
SHW,Sherwin-Williams Co,4.66%,XLB,Materials,0.000717098400800384,0.2382234130547683,0.5244950484164428
IP,Intl Paper Co,3.60%,XLB,Materials,-0.0001119072580166184,0.6653749964504756,0.5602793705606341
VMC,Vulcan Materials Co,2.74%,XLB,Materials,-2.410410375246666e-05,0.5751682603363613,0.6426394299459433
NUE,Nucor Corp,2.72%,XLB,Materials,-0.00028743912150992377,0.8603805984084232,0.18197508517965494
WRK,WestRock Co,2.34%,XLB,Materials,-0.0015393520352679942,0.7155904436140488,0.22574480449725612
BLL,Ball Corp,2.28%,XLB,Materials,0.0003962973101903266,0.31152778433592576,0.5160765743615846
EMN,Eastman Chemical Co,2.26%,XLB,Materials,0.0002918047050789345,1.0444074206767435,0.11748610870420861
IFF,Intl Flavors & Fragrances,2.24%,XLB,Materials,0.0004207539544030977,0.34867558662447656,0.5699278425028272
ARG,Airgas Inc,2.21%,XLB,Materials,0.0005410002537814413,0.5120529784483304,0.21336591298454421
AA,Alcoa Inc,2.16%,XLB,Materials,-0.0006386396152661567,1.117269375509653,0.151055466864086
NEM,Newmont Mining Corp,2.16%,XLB,Materials,-0.000438732872110018,1.4028697409071451,-1.0828639374445603
MLM,Martin Marietta Materials,2.00%,XLB,Materials,-4.1707203514007335e-05,0.494919616394417,0.5443357915830639
SEE,Sealed Air Corp,1.99%,XLB,Materials,0.0001352887386059916,0.3862322245230968,0.6940809556174572
MOS,Mosaic Co,1.95%,XLB,Materials,-0.0006327580901999308,1.3706315375378013,-0.44704141920275053
CF,CF Industries Holdings,1.70%,XLB,Materials,0.0006213773995614717,1.6480775517130928,-1.0135047466898703
AVY,Avery Dennison Corp,1.41%,XLB,Materials,-1.2537139647538832e-05,0.22543448202516908,0.8830532126750926
FMC,FMC Corp,1.21%,XLB,Materials,-6.131143931136299e-05,0.8799579505843254,0.18825039448135764
FCX,Freeport-McMoRan Inc,1.13%,XLB,Materials,-0.0011962925828571007,2.1851980561472555,-0.8875258107814873
OI,Owens-Illinois Inc,0.59%,XLB,Materials,-0.000929551108149303,0.7246198822173858,0.6282009616962987
SPG,Simon Property Group A,11.99%,XLRE,Real Estate,-0.0005805329970678984,0.7287928578981098,0.31170161102536353
AMT,American Tower Corp A,8.17%,XLRE,Real Estate,-7.586647247586524e-05,0.3897510596462967,0.7157132031232688
PSA,Public Storage,7.54%,XLRE,Real Estate,0.0019503245694429045,0.3722115255665979,0.20587971432452695
EQR,Equity Residential,5.85%,XLRE,Real Estate,0.0004947873418704861,0.5299775450632651,0.36629360287921614
CCI,Crown Castle Intl Corp,5.63%,XLRE,Real Estate,0.0008326552744339668,0.4347088839757788,0.34575610611224444
AVB,AvalonBay Communities Inc,4.77%,XLRE,Real Estate,1.3625757606109093e-05,0.658644920406635,0.2924232180997903
HCN,Welltower Inc,4.33%,XLRE,Real Estate,-0.0008758479686006422,1.064020395876978,-0.13169164652290302
EQIX,Equinix Inc,4.21%,XLRE,Real Estate,0.0016566954637811072,0.41359882089259825,0.3578967930588207
PLD,ProLogis Inc,4.18%,XLRE,Real Estate,0.000243671014935661,0.4556653407502246,0.6103264916718988
BXP,Boston Properties Inc,3.83%,XLRE,Real Estate,0.0005373800681293776,0.5864789232275145,0.2916601848639781
VTR,Ventas Inc,3.72%,XLRE,Real Estate,-0.0009091044463444784,1.0884035713102682,-0.25397881224127933
HCP,HCP Inc,3.46%,XLRE,Real Estate,-0.0008084452118594171,0.8177733415731008,0.16536587426015342
VNO,Vornado Realty Trust,3.38%,XLRE,Real Estate,0.00046538278929445984,0.4010486478039792,0.5674648517979113
GGP,General Growth Properties Inc,3.32%,XLRE,Real Estate,-0.0004705121374446123,0.7452608242076295,0.5550823410777959
ESS,Essex Property Trust,3.18%,XLRE,Real Estate,0.0003868880212713143,0.5626898371043921,0.28495307848126633
O,Realty Income Corp,2.79%,XLRE,Real Estate,0.0009648932773453189,0.6310490147749759,0.32502629069092237
WY,Weyerhaeuser Co,2.75%,XLRE,Real Estate,0.00034364926211740836,0.26676001717649744,0.9597998933382311
KIM,Kimco Realty Corp,2.37%,XLRE,Real Estate,0.0002020147002153476,0.6186796901144991,0.5112579537107373
MAC,Macerich Co,2.29%,XLRE,Real Estate,0.000347708182224921,0.6869009285419522,0.746876423798887
EXR,Extra Space Storage Inc,2.23%,XLRE,Real Estate,0.0020029020380826143,0.5867373524274909,0.07478595728758874
HST,Host Hotels & Resorts Inc,2.20%,XLRE,Real Estate,-0.00278770365556547,0.4204823581419065,0.7500011251525629
SLG,SL Green Realty Corp,2.11%,XLRE,Real Estate,-0.0006617980649449112,0.5656636888875283,0.4300961007720621
CBG,CBRE Group Inc.,1.81%,XLRE,Real Estate,0.0002451648018501478,0.25637707762232664,1.2085878401614556
PCL,Plum Creek Timber Co,1.54%,XLRE,Real Estate,0.0024163728438547517,0.2571380760936928,0.38546143923604387
AIV,Apartment Investment & Mgmt,1.33%,XLRE,Real Estate,-0.0001488166784086183,0.7103353669630751,0.23875848434959673
IRM,Iron Mountain Inc,1.01%,XLRE,Real Estate,-0.002806080208608687,0.4698878303559027,0.5163643711671728
AAPL,Apple Inc.,14.48%,XLK,Technology,0.00040882015523558313,2.0200512084894906,-1.0630338850309922
MSFT,Microsoft Corp,10.69%,XLK,Technology,3.707610087252746e-05,1.144352094717016,-0.18427521977688985
FB,Facebook Inc A,5.69%,XLK,Technology,0.000698913200318007,1.0116035545083861,-0.012215185529404917
GOOGL,Alphabet Inc A,5.56%,XLK,Technology,0.0001638031829629567,0.9807459823159922,-0.047566177215072364
T,AT&T Inc,5.54%,XLK,Technology,5.1000044031396625e-05,0.1142333581088629,0.5148631591043024
GOOG,Alphabet Inc C,5.52%,XLK,Technology,0.00010805609674739973,1.1359442748696154,-0.1176327532418305
VZ,Verizon Communications Inc,4.93%,XLK,Technology,0.0001692002402040064,0.06882172200076615,0.5442379055039414
V,Visa Inc A,3.62%,XLK,Technology,0.00037222482235252743,0.06339251024217196,1.0022202287736202
INTC,Intel Corp,3.08%,XLK,Technology,4.014369572837332e-06,0.9108113171704582,0.06371538751090162
CSCO,Cisco Systems Inc,3.04%,XLK,Technology,-0.00034547322277723156,0.9767407121246997,0.06500266099917322
ORCL,Oracle Corp,2.87%,XLK,Technology,-0.00022627943566179065,0.8242814588843459,0.2864666961519361
IBM,Intl Business Machines Corp,2.80%,XLK,Technology,-0.0002679366215871377,0.6809929104049756,0.13682395963487715
MA,Mastercard Inc A,2.28%,XLK,Technology,0.0004069136096138963,1.1266118859675316,-0.08170417297554122
QCOM,QUALCOMM Inc,1.86%,XLK,Technology,-0.0003708382139760825,0.9813950789855388,0.02829142031342513
ACN,Accenture plc A,1.64%,XLK,Technology,0.0002171312382125864,0.3580686424957359,0.6405174578643906
TXN,Texas Instruments Inc,1.33%,XLK,Technology,6.324141155699962e-05,0.9123657128999683,0.2076444206514032
CRM,Salesforce.com,1.23%,XLK,Technology,0.00025329486190921917,0.908414525319007,0.5769618522528903
EMC,EMC Corp,1.23%,XLK,Technology,-0.0002466581740815355,0.9456955977681994,0.1354453829211698
ADBE,Adobe Systems Inc,1.18%,XLK,Technology,7.821681392691069e-05,0.5085514925869046,0.6121020805406953
ADP,Automatic Data Processing,0.98%,XLK,Technology,0.00023102477398909043,0.09365835413001576,0.8020722583064452
CTSH,Cognizant Tech Solutions Corp,0.98%,XLK,Technology,3.6012296731598494e-05,0.7116183686252888,0.5222546776865754
PYPL,PayPal Holdings Inc.,0.90%,XLK,Technology,-0.0002936955231556847,0.7396008877348985,0.3525797594592063
AVGO,Avago Technologies Ltd,0.84%,XLK,Technology,0.0008047844406219814,1.3272635080704134,-0.06362772685705521
BRCM,Broadcom Corp A,0.80%,XLK,Technology,-0.0001306037513902938,1.2295601489943333,-0.014978857214013722
EBAY,eBay Inc.,0.76%,XLK,Technology,0.00015181281228882472,0.6196800040598962,0.4879479605095193
YHOO,Yahoo Inc,0.68%,XLK,Technology,-5.494899011788154e-05,0.5273818293770025,0.5159776450488391
INTU,Intuit Inc,0.66%,XLK,Technology,0.0003126688760090191,0.3826674322750338,0.6281001352212154
EA,Electronic Arts,0.59%,XLK,Technology,0.0002994290520303666,0.46243674592929424,0.7394404102499987
FISV,Fiserv Inc,0.57%,XLK,Technology,0.0003766183582077657,-0.25719862903046653,1.3018971999529305
TEL,TE Connectivity Ltd.,0.57%,XLK,Technology,0.00014818543603710126,0.39267132911073577,0.8018821670666447
GLW,Corning Inc,0.53%,XLK,Technology,-0.0005547810446825219,0.2994871136895169,0.9527232051607276
AMAT,Applied Materials Inc,0.51%,XLK,Technology,-0.00028639849199141624,0.7392204526146424,0.4568292776698857
HPE,Hewlett Packard Enterprise Co,0.51%,XLK,Technology,-0.00250729595007084,0.737614836280148,0.7203202163216477
FIS,Fidelity National Information,0.46%,XLK,Technology,0.00021663805856558127,-0.018134304931442947,0.9483111797421223
ATVI,Activision Blizzard Inc,0.46%,XLK,Technology,0.0004756102837888349,0.4720194283268726,0.3559428805012497
ADI,Analog Devices Inc,0.43%,XLK,Technology,-5.85219816109885e-05,0.8361577803986907,0.3151555824651851
PAYX,Paychex Inc,0.42%,XLK,Technology,0.00011352175398385303,0.14200156289501625,0.702949941590617
APH,Amphenol Corp A,0.41%,XLK,Technology,5.483154317293456e-06,0.954945512809236,0.2683392960028158
ADS,Alliance Data Systems Corp,0.39%,XLK,Technology,0.0004508083367137501,0.03014022086605017,1.035042903250673
NVDA,Nvidia Corp,0.39%,XLK,Technology,-0.00023992573971159722,1.312952777678519,0.07273360668604742
HPQ,HP Inc,0.38%,XLK,Technology,-0.0008972420029756982,1.1079895926406464,-0.030724523318778015
SNDK,SanDisk Corp,0.38%,XLK,Technology,-7.096708620996577e-05,0.9884965793679462,0.4882322681682507
RHT,Red Hat Inc,0.37%,XLK,Technology,7.910444858246553e-05,1.013342314308189,0.20052355969335195
CTL,CenturyLink Inc,0.35%,XLK,Technology,-0.00030757648091945465,0.10252202745936075,0.6086939948350525
SYMC,Symantec Corp,0.35%,XLK,Technology,-0.00035736870323802803,0.6133092665559868,0.44099505787166393
LVLT,Level 3 Communications,0.35%,XLK,Technology,6.114058881768309e-05,0.14826061731413354,0.8335930417346149
XLNX,Xilinx Inc,0.34%,XLK,Technology,2.7287411501987296e-05,0.7576794994382477,0.2691839637953182
MU,Micron Technology Inc,0.33%,XLK,Technology,-0.0006851102552793147,1.306252261039499,0.4797130825565638
SWKS,Skyworks Solutions Inc,0.33%,XLK,Technology,0.0003396534659956908,1.6889682281206797,-0.09940666642246491
ADSK,Autodesk Inc,0.31%,XLK,Technology,-9.835531224508174e-05,0.6197711306202869,0.8296428519330235
HRS,Harris Corp,0.29%,XLK,Technology,-3.543732648860555e-05,0.2060687951884219,0.9283622059556979
CTXS,Citrix Systems Inc,0.28%,XLK,Technology,-0.00022746699698120284,1.045144471696853,0.23456467194204156
KLAC,KLA-Tencor Corporation,0.28%,XLK,Technology,0.00010342908161837204,0.7989315551244967,0.4362183994558344
LRCX,Lam Research Corp,0.28%,XLK,Technology,-0.0001339887008139546,0.7986906130956355,0.4947714821661055
WDC,Western Digital Corp,0.28%,XLK,Technology,-0.000398312747676158,0.8802912195141809,0.4272807853263767
LLTC,Linear Technology Corp,0.27%,XLK,Technology,-0.00018481684274586515,0.858592328058863,0.21694899098730483
MSI,Motorola Solutions Inc,0.26%,XLK,Technology,0.00017494154087968118,0.6303873904392109,0.20445281008947583
JNPR,Juniper Networks Inc,0.25%,XLK,Technology,-0.0005551513647697873,0.9279458866760263,0.326306976461449
MCHP,Microchip Technology Inc,0.25%,XLK,Technology,-3.446534009090958e-05,0.7893469700660551,0.27990583674848857
AKAM,Akamai Technologies Inc,0.24%,XLK,Technology,-0.00016166522084396374,0.7670223502624687,0.532032673267743
XRX,Xerox Corp,0.24%,XLK,Technology,-0.00039362165556051216,0.1722709754855107,1.1418061038167928
TSS,Total System Services Inc,0.23%,XLK,Technology,0.0002997018686867053,0.24063599640804215,0.7490387590580077
WU,Western Union Co,0.23%,XLK,Technology,-0.00040960257069860503,0.15410361811973264,0.8469774774055188
CA,CA Inc,0.22%,XLK,Technology,-0.0002375786907910031,0.4887783520453197,0.5516060030817345
STX,Seagate Technology,0.21%,XLK,Technology,-5.417090868691291e-05,0.9225756755465934,0.41113485349141565
VRSN,VeriSign Inc,0.21%,XLK,Technology,0.0005096754770288888,0.49391759191940676,0.41601881751586556
FFIV,F5 Networks Inc,0.17%,XLK,Technology,-0.0002455972594901833,1.3917445449846837,-0.012660896279878223
NTAP,NetApp Inc,0.17%,XLK,Technology,-0.0006734557221375208,0.919733045436101,0.2380068963751173
FTR,Frontier Communications Corp,0.16%,XLK,Technology,-0.0003540261927483946,0.03679413913452469,0.7441351646606232
QRVO,"Qorvo, Inc",0.15%,XLK,Technology,-0.0015384857584952085,1.5278699633654407,-0.2380814144409024
FSLR,First Solar Inc,0.13%,XLK,Technology,-0.001230795096790306,0.6899420741151681,0.8927442059449443
FLIR,FLIR Systems Inc,0.12%,XLK,Technology,-0.0005712113949305456,0.032906165545143064,1.055330408858043
CSRA,CSRA Inc,0.10%,XLK,Technology,-0.003279687363794975,1.3248942824278043,-1.790465315514283
TDC,Teradata Corp,0.09%,XLK,Technology,-0.0006576311579795756,0.7673826123279736,0.40338635996605154
NEE,NextEra Energy Inc,9.11%,XLU,Utilities,0.00021797076618768914,0.9283104034914554,0.03580995899771011
DUK,Duke Energy Corp,8.50%,XLU,Utilities,7.139516048190926e-05,0.9309152364930715,-0.005570854032848238
SO,Southern Co,7.99%,XLU,Utilities,0.00015084351050906493,0.9043017901673288,-0.15079550168881145
D,Dominion Resources Inc,7.71%,XLU,Utilities,0.00016656532805669132,0.9142661888257825,0.03137412241887119
AEP,American Electric Power,5.35%,XLU,Utilities,0.00014197169022662045,1.0367141799188673,-0.03598495831845049
PCG,PG&E Corporation,4.79%,XLU,Utilities,-4.81697826078728e-05,0.9529432243423829,-0.06200450322082074
EXC,Exelon Corp,4.78%,XLU,Utilities,-0.0005478345153256192,1.0899429774794813,-0.10128981997984668
PPL,PPL Corp,4.26%,XLU,Utilities,-0.00010051752359629237,0.9803666022275208,-0.0806911041625132
SRE,Sempra Energy,4.12%,XLU,Utilities,8.438998489620743e-05,0.802420437067531,0.19859672200739992
PEG,Public Service Enterprise Grp,3.74%,XLU,Utilities,-0.00015549060604236103,1.1075412288584885,-0.011070700866349864
ED,Consolidated Edison Inc,3.72%,XLU,Utilities,0.00010069340747902159,0.957613149715222,-0.1272543125198416
EIX,Edison Intl,3.63%,XLU,Utilities,9.873528672154665e-05,1.0123700276879517,-0.01207748965520097
XEL,Xcel Energy Inc,3.48%,XLU,Utilities,0.00016044418895873964,0.9811170060275676,-0.031991079567770184
WEC,WEC Energy Group Inc,3.14%,XLU,Utilities,0.00020533997773226767,1.0149484346491542,0.0502511162513342
ES,Eversource Energy,3.04%,XLU,Utilities,0.00019222196954865833,1.0254775844922936,0.020532524180682136
DTE,DTE Energy Co,2.74%,XLU,Utilities,0.0001864565394268973,0.9404607654446143,0.06416228291725537
FE,FirstEnergy Corp,2.53%,XLU,Utilities,-0.0004171260256753287,1.0726014320449055,-0.07756133755545214
ETR,Entergy Corp,2.27%,XLU,Utilities,-0.0002892444335771388,0.995324610685414,-0.03077874532486063
AEE,Ameren Corp,1.95%,XLU,Utilities,7.256848706001687e-05,1.0271201717253533,0.04852680747428458
CMS,CMS Energy Corp,1.92%,XLU,Utilities,0.0003000283878224758,1.0189462649217598,0.027712567984995114
SCG,SCANA Corp,1.62%,XLU,Utilities,0.00010658073771097843,1.000981125305556,0.02559058685889993
CNP,Centerpoint Energy Inc,1.44%,XLU,Utilities,-0.00010671179787156718,0.8551576816136014,0.24528069639224453
GAS,AGL Resources,1.42%,XLU,Utilities,0.00019189446550553951,0.6836212800186356,0.19830628872867062
PNW,Pinnacle West Capital (AZ),1.35%,XLU,Utilities,0.00015970648642365097,0.9676242469002692,0.050211413081025565
POM,Pepco Holdings Inc,1.25%,XLU,Utilities,0.00016573231686564226,0.6503294362960838,0.18822914579975492
NI,Nisource Inc,1.22%,XLU,Utilities,0.000502896630887533,0.7458509157389026,0.29303092518583074
TE,TECO Energy Inc,1.20%,XLU,Utilities,8.793291911616123e-05,0.8506315791027845,0.2513852422166877
AES,AES Corp,1.15%,XLU,Utilities,-0.0008153471348293618,0.7213315434101304,0.7514552179550014
NRG,NRG Energy,0.58%,XLU,Utilities,-0.0009446852306388714,0.7712670658039813,0.4676115074973516
